{
  "outer_height": -12.155526044906912,
  "inner_height": -30.579900541963507,
  "unevenness": -28.301528295169586,
  "wells": [
    -45.77078467469202, -57.6634902146588, -26.122972025063742, 53.868967616328256,
    63.82897884333393, 1.7484688274215217, 18.177821143697127, -12.968248063783586,
    1.3009907343980982, -10.83333777141169
  ],
  "holes": {
    "holes": -36.6456755458965,
    "depth": 22.100572642199463,
    "accessible": 44.35577770093115,
    "inaccessible": -99.6234322886305
  },
  "clear": [
    [-72.88056664714738, -24.90818477050168, -30.55683537574971, 57.93698224871512],
    [42.796977559016504, 14.774914122634607, 33.24478321320235, 58.087569060175774],
    [45.64583931041391, 34.971458393504555, 101.12719847625043, 189.4508120799132]
  ],
  "t_hole": -16.2206067326784,
  "i_hole": -5.3261861639163035,
  "waste": [
    22.73698407785449, 9.96754748470376, -36.25529026408153, 21.481034346572297,
    -3.9680479272784455, 2.188349640244319, -11.952164869436151
  ],
  "sent": 31.266215136546545,
  "surge": 137.56831656225438,
  "combo": -31.325592230415307
}
