{
  "outer_height": -27.667554041685147,
  "inner_height": -39.256201872101606,
  "unevenness": -24.134221443642037,
  "wells": [
    -58.75272911687173, -45.76742338138232, -19.26952959498877, 31.221375315933198,
    33.804804053993784, 21.8133144429675, 46.156839603190924, 11.738719255584016,
    -55.948852112451355, -40.177247581974406
  ],
  "holes": {
    "holes": -25.00822133013236,
    "depth": 3.0825641017807244,
    "accessible": 44.68390428575385,
    "inaccessible": -77.10421952056889
  },
  "clear": [
    [12.947748236035068, 22.23219288288718, 1.9497326668708432, 65.73594192666789],
    [26.866591376327875, 36.535043008204276, -19.1912286408753, 18.300004705185213],
    [83.21659178616333, 38.793481224675695, 121.39833870362857, 177.05367545464685]
  ],
  "sent": -2.0128254804595898,
  "b2b": 92.41779849767578,
  "combo": -19.179928165422194,
  "opponent_danger": {
    "well_depth": -28.941702030153774,
    "outer_height": -10.967034246798931,
    "inner_height": -36.97865016720525,
    "unevenness": -7.186348310828506,
    "upper_holes": -32.08412825163631
  },
  "danger_prophecy": 6.4983976960744805,
  "killpower": 10.028501411777128
}
